id,name,age,gender,updated
1,name1,56,2,2020-04-10 10:36:07.000
2,name2,48,1,2020-04-10 10:36:07.000
3,name3,30,1,2020-04-10 10:36:07.000
4,name4,30,2,2020-04-10 10:36:07.000
5,name5,39,1,2020-04-10 10:36:07.000
6,name6,52,1,2020-04-10 10:36:07.000
7,name7,44,1,2020-04-10 10:36:07.000
8,name8,47,2,2020-04-10 10:36:07.000
9,name9,20,1,2020-04-10 10:36:07.000
10,name10,42,1,2020-04-10 10:36:07.000
11,name11,55,2,2020-04-10 10:36:07.000
12,name12,37,1,2020-04-10 10:36:07.000
13,name13,53,2,2020-04-10 10:36:07.000
14,name14,57,2,2020-04-10 10:36:07.000
15,name15,33,1,2020-04-10 10:36:07.000
16,name16,29,2,2020-04-10 10:36:07.000
17,name17,53,1,2020-04-10 10:36:07.000
18,name18,21,2,2020-04-10 10:36:07.000
19,name19,40,2,2020-04-10 10:36:07.000
20,name20,21,1,2020-04-10 10:36:07.000
21,name21,51,1,2020-04-10 10:36:07.000
22,name22,28,1,2020-04-10 10:36:07.000
23,name23,48,1,2020-04-10 10:36:07.000
24,name24,54,1,2020-04-10 10:36:07.000
25,name25,31,2,2020-04-10 10:36:07.000
26,name26,19,2,2020-04-10 10:36:07.000
27,name27,25,1,2020-04-10 10:36:07.000
28,name28,19,1,2020-04-10 10:36:07.000
29,name29,33,2,2020-04-10 10:36:07.000
30,name30,51,1,2020-04-10 10:36:07.000
31,name31,33,1,2020-04-10 10:36:07.000
32,name32,52,1,2020-04-10 10:36:07.000
33,name33,28,1,2020-04-10 10:36:07.000
34,name34,41,2,2020-04-10 10:36:07.000
35,name35,19,2,2020-04-10 10:36:07.000
36,name36,52,1,2020-04-10 10:36:07.000
37,name37,31,2,2020-04-10 10:36:07.000
38,name38,47,2,2020-04-10 10:36:07.000
39,name39,46,1,2020-04-10 10:36:07.000
40,name40,52,1,2020-04-10 10:36:07.000
41,name41,52,1,2020-04-10 10:36:07.000
42,name42,43,1,2020-04-10 10:36:07.000
43,name43,32,2,2020-04-10 10:36:07.000
44,name44,24,1,2020-04-10 10:36:07.000
45,name45,35,1,2020-04-10 10:36:07.000
46,name46,53,1,2020-04-10 10:36:07.000
47,name47,31,2,2020-04-10 10:36:07.000
48,name48,22,2,2020-04-10 10:36:07.000
49,name49,40,1,2020-04-10 10:36:07.000
50,name50,38,2,2020-04-10 10:36:07.000
51,name51,24,2,2020-04-10 10:36:07.000
52,name52,21,1,2020-04-10 10:36:07.000
53,name53,32,2,2020-04-10 10:36:07.000
54,name54,37,2,2020-04-10 10:36:07.000
55,name55,50,1,2020-04-10 10:36:07.000
56,name56,18,2,2020-04-10 10:36:07.000
57,name57,24,2,2020-04-10 10:36:07.000
58,name58,39,2,2020-04-10 10:36:07.000
59,name59,31,1,2020-04-10 10:36:07.000
60,name60,41,1,2020-04-10 10:36:07.000
61,name61,53,2,2020-04-10 10:36:07.000
62,name62,56,1,2020-04-10 10:36:07.000
63,name63,41,1,2020-04-10 10:36:07.000
64,name64,47,2,2020-04-10 10:36:07.000
65,name65,52,1,2020-04-10 10:36:07.000
66,name66,37,2,2020-04-10 10:36:07.000
67,name67,23,2,2020-04-10 10:36:07.000
68,name68,30,1,2020-04-10 10:36:07.000
69,name69,20,1,2020-04-10 10:36:07.000
70,name70,44,2,2020-04-10 10:36:07.000
71,name71,34,1,2020-04-10 10:36:07.000
72,name72,49,1,2020-04-10 10:36:07.000
73,name73,47,1,2020-04-10 10:36:07.000
74,name74,32,2,2020-04-10 10:36:07.000
75,name75,29,1,2020-04-10 10:36:07.000
76,name76,49,2,2020-04-10 10:36:07.000
77,name77,20,1,2020-04-10 10:36:07.000
78,name78,43,1,2020-04-10 10:36:07.000
79,name79,33,2,2020-04-10 10:36:07.000
80,name80,33,2,2020-04-10 10:36:07.000
81,name81,51,2,2020-04-10 10:36:07.000
82,name82,38,1,2020-04-10 10:36:07.000
83,name83,18,2,2020-04-10 10:36:07.000
84,name84,48,1,2020-04-10 10:36:07.000
85,name85,37,2,2020-04-10 10:36:07.000
86,name86,27,1,2020-04-10 10:36:07.000
87,name87,46,1,2020-04-10 10:36:07.000
88,name88,50,2,2020-04-10 10:36:07.000
89,name89,35,1,2020-04-10 10:36:07.000
90,name90,33,1,2020-04-10 10:36:07.000
91,name91,54,2,2020-04-10 10:36:07.000
92,name92,24,1,2020-04-10 10:36:07.000
93,name93,24,2,2020-04-10 10:36:07.000
94,name94,19,2,2020-04-10 10:36:07.000
95,name95,50,1,2020-04-10 10:36:07.000
96,name96,26,2,2020-04-10 10:36:07.000
97,name97,30,2,2020-04-10 10:36:07.000
98,name98,57,2,2020-04-10 10:36:07.000
99,name99,51,1,2020-04-10 10:36:07.000
100,name100,57,1,2020-04-10 10:36:07.000
